{
    "/DM/XENON#0": {
        "dim": 3,
        "trainingsize": 450,
        "m": 5,
        "n": 3,
        "pcoeff": [
            -1.5872475344521095,
            -0.021979285298242543,
            -3.087067654393272,
            -3.1178411813180413,
            0.0025464784077805294,
            -0.04049077712466086,
            0.07618216513290174,
            -0.02268920253406588,
            -8.016267405808843,
            -1.0935618089486492,
            -1.0793111812450185e-05,
            0.005109567067219446,
            0.005408490092447938,
            0.011400254618072233,
            0.0007388955153856125,
            -0.07035634502095477,
            0.13030203166399001,
            0.007749034791653453,
            -7.222398099906429,
            1.1620718951908775,
            -1.0816497484938958e-05,
            -4.65001748530848e-05,
            0.00022449803189568407,
            5.621999062705926e-05,
            -0.00040592161999503145,
            1.0446515330234107e-05,
            0.004512648893226823,
            0.005222107825651006,
            0.011418613472393105,
            -0.0015777518500347393,
            -0.03181724578970683,
            0.05671692185932338,
            0.009129545317021481,
            -2.247219291343014,
            0.7146685180579178,
            -1.5184926327668768e-06,
            -1.1412582962201656e-05,
            -2.190227673153078e-05,
            5.055296356703404e-06,
            6.532902425773063e-06,
            -2.197722569660665e-05,
            1.5510864351746256e-05,
            1.6632243587666462e-06,
            6.230111216296019e-06,
            6.597595213292395e-06,
            1.4523906648279683e-05,
            9.996205797196955e-06,
            -2.5297746853211733e-05,
            1.1675386494186535e-05,
            4.824788266164816e-05,
            0.00013733917536559725,
            0.00010707706702631214,
            0.00020807786480525614,
            0.0003003416551026483,
            -0.00023620340980201604,
            -0.00048241996777398377
        ],
        "qcoeff": [
            -0.27209643329292943,
            -0.0037666139392799336,
            0.006124776955809559,
            -0.7022350580115037,
            0.00043484153665418376,
            0.0004677181458524766,
            0.00100955624177642,
            -0.006215873094004327,
            0.011168657840196241,
            -0.6283942654889701,
            -3.746780118100545e-06,
            1.8677253487012994e-05,
            5.456067090513087e-06,
            -3.564733553587077e-05,
            0.00039810606321581763,
            0.00045664449912001005,
            0.0009868674496603426,
            -0.0026158272789191736,
            0.005277440354704261,
            -0.1941585989755953
        ],
        "scaler": {
            "a": [
                -1.0,
                -1.0,
                -1.0
            ],
            "b": [
                1.0,
                1.0,
                1.0
            ],
            "Xmin": [
                0.8118788,
                -5.989689,
                0.001286076
            ],
            "Xmax": [
                3.996079,
                -1.005388,
                3.993184
            ],
            "scaleTerm": [
                0.6281012104703718,
                0.4012598757579046,
                0.501014815027119
            ],
            "pnames": [
                "mdm",
                "c1",
                "c7"
            ]
        }
    },
    "/DM/XENON#1": {
        "dim": 3,
        "trainingsize": 450,
        "m": 4,
        "n": 1,
        "pcoeff": [
            4.216613372707629,
            0.08568785399566188,
            8.344828186440612,
            1.3277569916538847,
            0.0034909155504277978,
            0.1771888550276547,
            -0.055291294954450926,
            -0.059078070312370445,
            7.873179151942656,
            -2.667680332464167,
            0.007540817658465093,
            -0.001682598443056016,
            0.0015087111779178014,
            0.004312217001542773,
            0.004857048177391576,
            0.008167437927281168,
            -0.0009505144968681711,
            -0.03474175412305275,
            0.0167728274257663,
            0.2711025627591557,
            -0.0031941050027413237,
            0.011307292263822322,
            -0.0011937185619508711,
            -0.010121648957769264,
            0.006618763961136642,
            -0.012585982155408182,
            0.0035754148827382565,
            -0.00032153602400938897,
            -0.008599425962440704,
            -0.008416497016720537,
            -0.021705245986791577,
            0.013677660257179189,
            0.05533024284071686,
            -0.02760960923220357,
            -0.14363827900333614
        ],
        "qcoeff": [
            0.7294588798654046,
            0.015178137975001671,
            -0.004053389452727818,
            0.6838442342720057
        ],
        "scaler": {
            "a": [
                -1.0,
                -1.0,
                -1.0
            ],
            "b": [
                1.0,
                1.0,
                1.0
            ],
            "Xmin": [
                0.8118788,
                -5.989689,
                0.001286076
            ],
            "Xmax": [
                3.996079,
                -1.005388,
                3.993184
            ],
            "scaleTerm": [
                0.6281012104703718,
                0.4012598757579046,
                0.501014815027119
            ],
            "pnames": [
                "mdm",
                "c1",
                "c7"
            ]
        }
    }
}