{
    "/DM/XENON#0": {
        "dim": 3,
        "trainingsize": 416,
        "m": 4,
        "n": 2,
        "pcoeff": [
            5.583111069719599,
            -0.045274514081547146,
            11.440537487000883,
            5.836733450649989,
            0.0002811976190868204,
            -0.0943252754256827,
            0.004120355501478823,
            -0.014853831011772511,
            18.8165636011597,
            -1.6914650748065698,
            1.0997269063083015e-05,
            0.0003224011441044228,
            -0.0033017184906319816,
            0.00337358353278136,
            -0.00018608498594128303,
            -0.08500690287450774,
            0.00322822580775739,
            0.02626721338550736,
            8.014892789319836,
            -2.340564645221099,
            -9.3624599949494e-05,
            -6.098188083449084e-05,
            5.39566309915745e-05,
            -7.584083952041931e-05,
            1.1455005960940567e-05,
            -5.1370233016488284e-05,
            -4.667558551541256e-06,
            -1.2530245863018926e-05,
            -2.252097719545633e-05,
            -0.00014112516042759718,
            0.0002505602353020499,
            -8.108956124034533e-05,
            -0.0005595103591295447,
            -7.029750037692087e-05,
            -0.017008382892454765
        ],
        "qcoeff": [
            1.0,
            -0.008108539659205188,
            0.000214799260242593,
            1.644792163990825,
            3.305452901372283e-05,
            -0.0002866836809143677,
            0.0003023234666315166,
            -0.0075071278397834396,
            0.00036368410027992626,
            0.7007542736659933
        ],
        "scaler": {
            "a": [
                -1.0,
                -1.0,
                -1.0
            ],
            "b": [
                1.0,
                1.0,
                1.0
            ],
            "Xmin": [
                1.046531,
                -5.979223,
                -5.988845
            ],
            "Xmax": [
                3.991857,
                -1.011214,
                -1.004091
            ],
            "scaleTerm": [
                0.6790419804123551,
                0.4025757602290978,
                0.401223410423062
            ],
            "pnames": [
                "mdm",
                "c10",
                "c11"
            ]
        }
    },
    "/DM/XENON#1": {
        "dim": 3,
        "trainingsize": 416,
        "m": 4,
        "n": 2,
        "pcoeff": [
            5.524483271569196,
            -0.044618729907382026,
            11.441687967842807,
            5.808837122800435,
            0.00024811356861426104,
            -0.09394104609991227,
            0.006462726842963562,
            -0.014509128468029986,
            18.932132633011044,
            -1.7290078942318026,
            1.2355193538845892e-05,
            0.00018377707927841325,
            -0.0033403495700768185,
            0.003366520470898554,
            -0.00017470762668546358,
            -0.08475879508568895,
            0.00530953438458992,
            0.026433268059720377,
            8.107070360012903,
            -2.358181035369031,
            -0.0001235241922906312,
            -8.233867252414135e-05,
            7.755085035845391e-05,
            -9.545309369335658e-05,
            1.4297780123601056e-05,
            -6.698867098735295e-05,
            8.245963053487041e-06,
            -2.304516628861067e-05,
            -3.38322111749223e-05,
            -0.00017163010001718798,
            0.0003332827412427519,
            -9.594432267178744e-05,
            -0.0007481063473750438,
            -4.863255909082209e-05,
            -0.021798628493685496
        ],
        "qcoeff": [
            1.0,
            -0.008075805059649804,
            0.00042126510159695707,
            1.6548692825096702,
            2.2387400021389725e-05,
            -0.0002894143898402625,
            0.00030377817367694196,
            -0.007483053744015172,
            0.0005439762083280786,
            0.7088682487961826
        ],
        "scaler": {
            "a": [
                -1.0,
                -1.0,
                -1.0
            ],
            "b": [
                1.0,
                1.0,
                1.0
            ],
            "Xmin": [
                1.046531,
                -5.979223,
                -5.988845
            ],
            "Xmax": [
                3.991857,
                -1.011214,
                -1.004091
            ],
            "scaleTerm": [
                0.6790419804123551,
                0.4025757602290978,
                0.401223410423062
            ],
            "pnames": [
                "mdm",
                "c10",
                "c11"
            ]
        }
    },
    "/DM/XENON#2": {
        "dim": 3,
        "trainingsize": 416,
        "m": 4,
        "n": 2,
        "pcoeff": [
            5.465558184888987,
            -0.04445453187335624,
            11.441524971737433,
            5.767604205505053,
            0.00025054974949154096,
            -0.09461577305848623,
            0.006160460715614047,
            -0.014344623567072556,
            19.022912514016724,
            -1.7692298511611293,
            1.452676348570256e-05,
            7.98841409522244e-05,
            -0.003442485514234872,
            0.0034791566968665477,
            -0.0001800185024639217,
            -0.08549218477717035,
            0.005029339941026834,
            0.026912268532611916,
            8.181573493066885,
            -2.370107644066951,
            -0.00016913001906275482,
            -0.00010324517959054867,
            0.00010370161473331448,
            -0.00011272018283452548,
            1.540238136673428e-05,
            -8.97576331023199e-05,
            2.794956107541615e-05,
            -3.116863994967207e-05,
            -4.809337840275263e-05,
            -0.0002125428596629602,
            0.00043109000498556434,
            -0.00011964319913631422,
            -0.000939785804425719,
            -7.80544209906392e-05,
            -0.026791552620579362
        ],
        "qcoeff": [
            1.0,
            -0.008132723727682617,
            0.0003913258977949474,
            1.6628085223607454,
            1.5081473642385851e-05,
            -0.0002976185294363311,
            0.00031604689757008114,
            -0.007546195635489278,
            0.0005210369087992883,
            0.7153744559323733
        ],
        "scaler": {
            "a": [
                -1.0,
                -1.0,
                -1.0
            ],
            "b": [
                1.0,
                1.0,
                1.0
            ],
            "Xmin": [
                1.046531,
                -5.979223,
                -5.988845
            ],
            "Xmax": [
                3.991857,
                -1.011214,
                -1.004091
            ],
            "scaleTerm": [
                0.6790419804123551,
                0.4025757602290978,
                0.401223410423062
            ],
            "pnames": [
                "mdm",
                "c10",
                "c11"
            ]
        }
    },
    "/DM/XENON#3": {
        "dim": 3,
        "trainingsize": 416,
        "m": 4,
        "n": 2,